"gene","frequency"
"SETX",7
"BTRC",6
"DCAF7",6
"VAPA",6
"CNOT1",5
"CNOT2",5
"CSDE1",5
"CSNK2A1",5
"FAM3A",5
"GIPC1",5
"HNRNPR",5
"MFN2",5
"POLR2B",5
"RER1",5
"RNF220",5
"SF3A3",5
"SKP1",5
"SSU72",5
"TMBIM6",5
"VPS45",5
"ARL2BP",4
"ATF6",4
"ATP6AP1",4
"AVL9",4
"CBX1",4
"CNBP",4
"CNOT7",4
"EIF4ENIF1",4
"EXD2",4
"GORASP1",4
"GRB2",4
"HIPK1",4
"KDM3B",4
"MATR3",4
"MTMR2",4
"NAP1L4",4
"NCOR2",4
"NUP133",4
"OCRL",4
"OTUB1",4
"RXRB",4
"SEC24C",4
"SF3B3",4
"SGTA",4
"SPCS1",4
"TADA3",4
"TMCO1",4
"TMEM98",4
"UBA2",4
"UBAC2",4
"UBE2L3",4
"UBE4B",4
"WDR82",4
"YIPF6",4
"ZMYM4",4
"ZZZ3",4
"ACTR2",3
"AFG3L2",3
"AGPAT1",3
"AKT1",3
"ANKH",3
"AP2M1",3
"ARCN1",3
"ARHGEF12",3
"ATF2",3
"ATP5F1",3
"ATP6V0A1",3
"ATPAF1",3
"BCL2L2",3
"BSG",3
"C11orf58",3
"CAMTA2",3
"CASC3",3
"CCNY",3
"CDC42",3
"COPZ1",3
"CSNK1D",3
"CTCF",3
"DHPS",3
"DLST",3
"DNAJB14",3
"DNAJC8",3
"ECD",3
"EFTUD2",3
"ELAVL1",3
"EMC7",3
"EXOC7",3
"FAM193A",3
"FAM199X",3
"FBXW2",3
"FMR1",3
"GDI1",3
"GLG1",3
"GOLGA2",3
"GOLGA7",3
"HADHA",3
"HEATR5B",3
"HNRNPUL2",3
"HTATSF1",3
"ICMT",3
"ILVBL",3
"IPO5",3
"KAT5",3
"KIAA0368",3
"LYPLA2",3
"MAPK1",3
"MAPK8IP3",3
"MLEC",3
"MTURN",3
"MUS81",3
"NAPA",3
"NCOA4",3
"NCSTN",3
"NELFB",3
"OTUD5",3
"PDAP1",3
"PHF20",3
"PMPCB",3
"PPP1R9A",3
"PRDX2",3
"PRPF39",3
"PRRC2A",3
"PSMC6",3
"PSME3",3
"R3HDM1",3
"RAB11FIP3",3
"RBBP4",3
"RBM39",3
"RHOA",3
"RPL6",3
"SCAF1",3
"SCAF8",3
"SENP5",3
"SET",3
"SF3A1",3
"SH2B1",3
"SP3",3
"ST13",3
"SUMO1",3
"SYMPK",3
"SYVN1",3
"TCTN1",3
"TEX2",3
"TPR",3
"UBE2H",3
"UBE2I",3
"UBE3A",3
"USP22",3
"YME1L1",3
"ZER1",3
"ZNF12",3
"ZNF451",3
"ABHD13",2
"ABI2",2
"ACP1",2
"ACTR3",2
"ADAM10",2
"ADAR",2
"AFTPH",2
"AHCTF1",2
"AK1",2
"AKAP8L",2
"AKR1B1",2
"AKTIP",2
"ALAS1",2
"ANGEL2",2
"ANKS1A",2
"AP2B1",2
"AP3D1",2
"API5",2
"APOOL",2
"APPBP2",2
"APPL1",2
"ARF3",2
"ARFGAP2",2
"ARMC10",2
"ARMC8",2
"ARPC2",2
"ASH1L",2
"ASH2L",2
"ATAT1",2
"ATG3",2
"ATP2A2",2
"ATP6V1B2",2
"ATP6V1H",2
"BAG6",2
"BAZ1B",2
"BBS1",2
"BCL2L13",2
"BRD8",2
"BSDC1",2
"C1D",2
"CAMSAP2",2
"CAND1",2
"CAPZA1",2
"CAPZB",2
"CCNT2",2
"CCT4",2
"CDC34",2
"CDK13",2
"CENPT",2
"CEP295",2
"CHD2",2
"CHD7",2
"CHD8",2
"CHID1",2
"CHMP3",2
"CHMP5",2
"CHMP7",2
"CLNS1A",2
"CNOT4",2
"COG7",2
"COPB1",2
"COPB2",2
"COPG1",2
"COPS4",2
"CPT1C",2
"CRAMP1",2
"CUL2",2
"CUL3",2
"CUL4B",2
"DCAF1",2
"DCAF11",2
"DCAF5",2
"DCTN2",2
"DDX6",2
"DENND5A",2
"DHX38",2
"DNAJA2",2
"DST",2
"DZIP3",2
"EBLN3",2
"EDC4",2
"EDNRB",2
"EFCAB14",2
"EIF2S1",2
"EIF3M",2
"ELP2",2
"ENSA",2
"EPS8",2
"ERLIN2",2
"FAM120B",2
"FARP2",2
"FBXO21",2
"FBXO28",2
"FEZ1",2
"FMN1",2
"FYN",2
"FYTTD1",2
"GABARAP",2
"GALNT11",2
"GCC2",2
"GLYR1",2
"GNA11",2
"GPBP1",2
"GPR173",2
"GSK3B",2
"GTF2A1",2
"GTF3C5",2
"HAGH",2
"HGS",2
"HINT1",2
"HMG20A",2
"HP1BP3",2
"HSPA9",2
"IDH3B",2
"ILF3",2
"ILKAP",2
"INPP5A",2
"IPO13",2
"IPO9",2
"KHDRBS1",2
"KIAA0895",2
"KIAA1191",2
"KLHDC10",2
"KPNB1",2
"LAMP1",2
"LAMTOR3",2
"LEMD2",2
"LMAN1",2
"LSM14A",2
"MAP2K7",2
"MAP3K13",2
"MCPH1",2
"MDH2",2
"MED22",2
"MGAT3",2
"MIEF1",2
"MLLT1",2
"MLLT10",2
"MOCS1",2
"MPPE1",2
"MPV17",2
"MRFAP1",2
"MTMR9",2
"MYEF2",2
"NAA35",2
"NAPEPLD",2
"NCL",2
"NCOA1",2
"NDST2",2
"NDUFAB1",2
"NDUFV3",2
"NECAP1",2
"NELFCD",2
"NISCH",2
"NORAD",2
"NR1H2",2
"NSG1",2
"NT5C2",2
"NUDCD3",2
"NUS1",2
"OCIAD1",2
"P4HTM",2
"PACS1",2
"PACS2",2
"PATZ1",2
"PCMT1",2
"PFDN5",2
"PGBD5",2
"PHB2",2
"PHKA2",2
"PI4KB",2
"PIGT",2
"PIK3CB",2
"PJA2",2
"PMPCA",2
"POLR3A",2
"POT1",2
"PPIL2",2
"PPP1R12A",2
"PPP1R37",2
"PPP2CA",2
"PPP2R1A",2
"PPP2R5B",2
"PRDM4",2
"PRR12",2
"PSMD13",2
"PSMD14",2
"PSMD3",2
"PTCD3",2
"PTDSS2",2
"PTK2",2
"PUM1",2
"RAB14",2
"RAB1A",2
"RAB3GAP1",2
"RAB5C",2
"RAB6A",2
"RABGAP1",2
"RACK1",2
"RAD23A",2
"RAD23B",2
"RBM10",2
"RBM25",2
"RBSN",2
"RIC8A",2
"RMDN3",2
"RNF115",2
"RPRD1A",2
"RSRC2",2
"SAMD8",2
"SAMM50",2
"SAP18",2
"SCAF4",2
"SCAP",2
"SEC13",2
"SEC31A",2
"SEC62",2
"SECISBP2L",2
"SENP6",2
"SERINC3",2
"SETDB1",2
"SH3GLB2",2
"SLC25A46",2
"SLC7A14",2
"SMAD2",2
"SMARCA2",2
"SMARCA5",2
"SMARCB1",2
"SMG7",2
"SMIM13",2
"SMU1",2
"SNX5",2
"SNX6",2
"SPIN1",2
"SRP68",2
"SSB",2
"SSRP1",2
"STAM2",2
"STARD7",2
"STAU2",2
"STRN3",2
"STT3B",2
"STX12",2
"STX7",2
"SUPT16H",2
"SYNRG",2
"TAB3",2
"TAF6",2
"TALDO1",2
"TCF12",2
"TCP1",2
"TERF2",2
"TEX261",2
"TFCP2",2
"TJP1",2
"TM9SF3",2
"TMED8",2
"TMEM131",2
"TMEM167A",2
"TMEM183A",2
"TMEM94",2
"TMSB4X",2
"TNKS",2
"TP53BP1",2
"TPM1",2
"TRAF3IP1",2
"TRAPPC6B",2
"TRIM24",2
"TSPAN5",2
"TTI1",2
"TUBGCP2",2
"TUBGCP6",2
"UBE2D2",2
"UBE2E1",2
"UBE2K",2
"UBE2O",2
"UBE2V2",2
"UBE2W",2
"UBE3B",2
"UBL3",2
"UBL5",2
"UBN1",2
"UBR3",2
"UNK",2
"URM1",2
"USF2",2
"USO1",2
"USP20",2
"USP33",2
"VPS13D",2
"VPS26B",2
"WASL",2
"WHSC1L1",2
"WIZ",2
"XPO7",2
"YIPF4",2
"YWHAE",2
"ZBTB11",2
"ZDBF2",2
"ZFP90",2
"ZFP91",2
"ZFR",2
"ZNF354C",2
"ZNF397",2
"ZNF592",2
"ZNF76",2
"AAGAB",1
"AAMP",1
"ABCA2",1
"ABCB8",1
"ABHD16A",1
"ABLIM2",1
"ACACA",1
"ACAP3",1
"ACBD5",1
"ACER3",1
"ACOT7",1
"ACOX1",1
"ACSL6",1
"ACTN1",1
"ACTR1A",1
"ACTR1B",1
"ACVR1B",1
"ADD3",1
"ADGRB3",1
"ADGRL1",1
"ADGRL3",1
"ADIPOR2",1
"ADRM1",1
"AES",1
"AFF4",1
"AGAP3",1
"AGBL5",1
"AGFG1",1
"AGGF1",1
"AKAP10",1
"AKIRIN1",1
"AKT3",1
"ALDH18A1",1
"ALG10B",1
"ALG9",1
"ALS2",1
"AMFR",1
"AMIGO1",1
"AMMECR1L",1
"ANAPC1",1
"ANGEL1",1
"ANKIB1",1
"ANKRD40",1
"ANP32A",1
"ANXA7",1
"AP2A1",1
"AP3M2",1
"AP3S1",1
"AP5M1",1
"APBB1",1
"ARFGEF2",1
"ARFIP2",1
"ARID1A",1
"ARIH1",1
"ARIH2",1
"ARL5A",1
"ARL6IP4",1
"ARMC6",1
"ARPC3",1
"ARRDC1-AS1",1
"ASB1",1
"ASB6",1
"ASPH",1
"ATG16L1",1
"ATG4A",1
"ATG9A",1
"ATIC",1
"ATM",1
"ATP2B1",1
"ATP5B",1
"ATP5C1",1
"ATP5G3",1
"ATP6V0B",1
"ATP6V1C1",1
"ATP6V1E1",1
"ATP6V1G1",1
"ATP6V1G2",1
"ATP7A",1
"ATXN1",1
"ATXN2",1
"AURKAIP1",1
"AZIN1",1
"B4GAT1",1
"BABAM1",1
"BAHD1",1
"BAP1",1
"BAZ2A",1
"BBS4",1
"BCAP29",1
"BCAP31",1
"BCKDK",1
"BCL7A",1
"BFAR",1
"BOD1L1",1
"BRAF",1
"BRD4",1
"BRD7",1
"BRINP1",1
"BRSK2",1
"BTBD6",1
"BTF3L4",1
"C10orf76",1
"C11orf68",1
"C12orf49",1
"C14orf159",1
"C14orf166",1
"C16orf45",1
"C17orf80",1
"C19orf43",1
"C19orf53",1
"C1QBP",1
"C2CD5",1
"C2orf49",1
"C6orf136",1
"C6orf89",1
"C7orf43",1
"CACFD1",1
"CACNG7",1
"CACUL1",1
"CADPS",1
"CALM3",1
"CALU",1
"CAMK2D",1
"CAMSAP1",1
"CAP1",1
"CAPRIN1",1
"CARM1",1
"CBX5",1
"CCDC12",1
"CCDC25",1
"CCDC43",1
"CCNDBP1",1
"CCNT1",1
"CCPG1",1
"CCT6A",1
"CD81",1
"CD99L2",1
"CDC16",1
"CDC40",1
"CDC5L",1
"CDIPT",1
"CDK11B",1
"CDK20",1
"CDK5R1",1
"CDK8",1
"CDKL5",1
"CDS2",1
"CEBPZOS",1
"CELSR2",1
"CENPBD1P1",1
"CEP44",1
"CERS2",1
"CES2",1
"CFAP36",1
"CFL1",1
"CGGBP1",1
"CHD4",1
"CHD6",1
"CIAO1",1
"CIC",1
"CINP",1
"CKB",1
"CLCN5",1
"CLDN12",1
"CLIP1",1
"CLN5",1
"CLOCK",1
"CLPTM1",1
"CLSTN1",1
"CLSTN3",1
"CLTA",1
"CNGA1",1
"CNIH1",1
"CNNM3",1
"CNOT10",1
"CNOT6",1
"CNOT8",1
"CNP",1
"CNTN4",1
"COASY",1
"COMT",1
"COPA",1
"COPG2",1
"COPRS",1
"COPS3",1
"COPS5",1
"COPS6",1
"COPS7B",1
"COQ10A",1
"COQ10B",1
"COQ9",1
"COX15",1
"COX7A2",1
"COX7A2L",1
"COX7C",1
"CPD",1
"CPSF6",1
"CPSF7",1
"CRCP",1
"CREB1",1
"CRK",1
"CSE1L",1
"CSK",1
"CSNK1G1",1
"CSNK1G3",1
"CSRNP3",1
"CTAGE5",1
"CTDSP2",1
"CTSB",1
"CTSD",1
"CTSZ",1
"CTTN",1
"CUEDC1",1
"CXorf23",1
"CYC1",1
"CYLD",1
"CYTH1",1
"DAP3",1
"DCAF10",1
"DCAF8",1
"DCTN3",1
"DCTN5",1
"DCUN1D1",1
"DDI2",1
"DDOST",1
"DDX19A",1
"DEDD",1
"DENND5B",1
"DGAT1",1
"DGCR2",1
"DGKA",1
"DGKE",1
"DGKI",1
"DHTKD1",1
"DHX29",1
"DIDO1",1
"DIRC2",1
"DIS3L",1
"DLAT",1
"DLG2",1
"DLG3",1
"DLGAP4",1
"DNAJA3",1
"DNAJB6",1
"DNAJC10",1
"DNAJC5",1
"DNAJC9",1
"DNM1",1
"DNM1L",1
"DNM2",1
"DOCK3",1
"DOK6",1
"DPM2",1
"DPP8",1
"DPP9",1
"DPY30",1
"DR1",1
"DRAM2",1
"DRAP1",1
"DRC3",1
"DRG1",1
"DSTN",1
"DTX3",1
"DUS1L",1
"DUSP10",1
"DYNC1LI1",1
"DYNC2H1",1
"DYNLRB1",1
"DZIP1",1
"EBAG9",1
"EBNA1BP2",1
"ECHS1",1
"ECI2",1
"EDRF1",1
"EFHC1",1
"EHMT2",1
"EI24",1
"EIF1AD",1
"EIF2AK1",1
"EIF2S3",1
"EIF3F",1
"EIF3H",1
"EIF3I",1
"EIF3K",1
"EIF3L",1
"EIF4E2",1
"EIF4G1",1
"EIF4G2",1
"EIF4G3",1
"ELF2",1
"ELMO1",1
"ENTPD6",1
"EP400",1
"EPB41",1
"EPC1",1
"EPHA7",1
"EPM2AIP1",1
"EPN1",1
"EPS15L1",1
"ERCC3",1
"ERGIC1",1
"ERP44",1
"ESD",1
"ESPN",1
"ETNK1",1
"EXO5",1
"EXOC2",1
"EXOC5",1
"EXOSC7",1
"FAF2",1
"FAIM2",1
"FAM102B",1
"FAM117A",1
"FAM126B",1
"FAM127A",1
"FAM127B",1
"FAM134A",1
"FAM149B1",1
"FAM160B2",1
"FAM168A",1
"FAM169A",1
"FAM171A1",1
"FAM177A1",1
"FAM179B",1
"FAM208A",1
"FAM32A",1
"FAM63B",1
"FAM73B",1
"FAM89A",1
"FAM8A1",1
"FARSA",1
"FARSB",1
"FBRS",1
"FBXO3",1
"FBXO38",1
"FBXW4",1
"FCHSD2",1
"FEM1B",1
"FGFR1OP2",1
"FKTN",1
"FLAD1",1
"FLII",1
"FNBP1",1
"FNTA",1
"FOXJ3",1
"FRYL",1
"FSTL5",1
"FTO",1
"FUZ",1
"FZR1",1
"GAB1",1
"GABARAPL2",1
"GABRA1",1
"GABRG2",1
"GAK",1
"GANAB",1
"GATAD2A",1
"GATAD2B",1
"GATS",1
"GBA",1
"GDPD5",1
"GGA1",1
"GGNBP2",1
"GHITM",1
"GID8",1
"GIGYF2",1
"GIT1",1
"GLT8D1",1
"GLTSCR1L",1
"GNA12",1
"GNAS",1
"GNPAT",1
"GNS",1
"GOLGA2P7",1
"GOLGA5",1
"GOLGB1",1
"GPALPP1",1
"GPAT4",1
"GPR107",1
"GPR137",1
"GPR85",1
"GPS1",1
"GPS2",1
"GPX4",1
"GRIA1",1
"GRINA",1
"GRIPAP1",1
"GSPT1",1
"GTDC1",1
"GTF2B",1
"GTF2E2",1
"GTF2F1",1
"GTF3C2",1
"GTF3C3",1
"GUCD1",1
"GUCY1B3",1
"GUSB",1
"HACD3",1
"HACE1",1
"HAX1",1
"HBS1L",1
"HDAC11",1
"HDAC2",1
"HDGF",1
"HEBP1",1
"HERC4",1
"HERPUD2",1
"HIBADH",1
"HNRNPA1",1
"HNRNPF",1
"HNRNPU",1
"HOOK3",1
"HSD17B4",1
"HSPA13",1
"HSPBP1",1
"HUWE1",1
"ICA1L",1
"ICE2",1
"IDE",1
"IDS",1
"IFT122",1
"IFT52",1
"IGF1",1
"IGHMBP2",1
"IGIP",1
"IMPG1",1
"INIP",1
"INO80",1
"INPP4A",1
"INPPL1",1
"INTS10",1
"INTS8",1
"IP6K1",1
"IPO8",1
"IQCE",1
"ITFG2",1
"ITGB1BP1",1
"ITM2B",1
"ITM2C",1
"ITPK1",1
"ITSN1",1
"ITSN2",1
"IWS1",1
"JKAMP",1
"JRKL",1
"JTB",1
"KAT6B",1
"KCMF1",1
"KCNC2",1
"KCND3",1
"KCNJ9",1
"KCTD13",1
"KCTD2",1
"KDELR1",1
"KDM2A",1
"KDM8",1
"KEAP1",1
"KHSRP",1
"KIAA0232",1
"KIAA0513",1
"KIAA0753",1
"KIAA0895L",1
"KIF1A",1
"KIF2A",1
"KLC1",1
"KLC4",1
"KLHL2",1
"KLHL22",1
"KLHL9",1
"KMT5B",1
"KRR1",1
"KTN1",1
"LARP1",1
"LCLAT1",1
"LCMT1",1
"LEPROTL1",1
"LHFPL4",1
"LNPEP",1
"LRCH3",1
"LRIG1",1
"LRP6",1
"LRRC41",1
"LRRC58",1
"LSM14B",1
"LUC7L3",1
"LZTFL1",1
"MAD1L1",1
"MAGEH1",1
"MAGI1",1
"MAML1",1
"MAN2C1",1
"MANBAL",1
"MAP2K2",1
"MAP3K4",1
"MAP4K3",1
"MAP7",1
"MAPK10",1
"MAPK6",1
"MAPK8IP1",1
"MAPK9",1
"MAPKAPK5",1
"MAPRE2",1
"MARCH6",1
"MARK1",1
"MARK2",1
"MAU2",1
"MBD2",1
"MBOAT2",1
"MCRS1",1
"MEAF6",1
"MECP2",1
"MED13",1
"MED24",1
"MED28",1
"MED4",1
"MEN1",1
"MESDC2",1
"METAP2",1
"MFSD14A",1
"MGA",1
"MGAT5",1
"MIA3",1
"MID1",1
"MIS12",1
"MKRN1",1
"MLLT4",1
"MOAP1",1
"MOB2",1
"MOB3A",1
"MOGS",1
"MON2",1
"MORC2",1
"MRPL2",1
"MRPL32",1
"MRPL52",1
"MRPL53",1
"MRPS14",1
"MRPS18B",1
"MRPS27",1
"MSANTD4",1
"MSI2",1
"MSN",1
"MSRB2",1
"MSRB3",1
"MTA2",1
"MTDH",1
"MTF2",1
"MTFR1L",1
"MTMR6",1
"MTPAP",1
"MTX3",1
"MYDGF",1
"MYL12B",1
"MYO5A",1
"MYO7A",1
"MYO9B",1
"NAA10",1
"NAA50",1
"NAT10",1
"NAXD",1
"NBEAL1",1
"NBR1",1
"NCAPD2",1
"NCOA2",1
"NCOA6",1
"NCOR1",1
"NDNF",1
"NDRG3",1
"NDUFA9",1
"NDUFB1",1
"NDUFB10",1
"NEBL",1
"NEDD1",1
"NEDD8",1
"NENF",1
"NEPRO",1
"NF2",1
"NFATC2IP",1
"NFE2L1",1
"NFRKB",1
"NFS1",1
"NFX1",1
"NHLRC2",1
"NKIRAS2",1
"NLGN2",1
"NLRP1",1
"NMD3",1
"NOL4L",1
"NOL6",1
"NOLC1",1
"NONO",1
"NOVA1",1
"NOVA2",1
"NR3C2",1
"NRBP1",1
"NRDC",1
"NRXN1",1
"NSF",1
"NSFL1C",1
"NUB1",1
"NUCKS1",1
"NUDC",1
"NUDCD1",1
"NUDT3",1
"NUDT9",1
"NUMA1",1
"NUP155",1
"NUP62",1
"NUP98",1
"OARD1",1
"OGFOD1",1
"OLA1",1
"OMA1",1
"OPCML",1
"ORC3",1
"ORC4",1
"OSBPL1A",1
"OSBPL2",1
"OSBPL9",1
"OSER1-AS1",1
"OSTM1",1
"OTUD4",1
"OTUD7B",1
"PA2G4",1
"PAFAH1B1",1
"PAM",1
"PAN3",1
"PARK7",1
"PARM1",1
"PARVA",1
"PAXBP1",1
"PAXIP1",1
"PBX2",1
"PCBP1",1
"PCBP3",1
"PCDH10",1
"PCDH15",1
"PCDH9",1
"PCNP",1
"PCYOX1",1
"PDE4DIP",1
"PDE6D",1
"PDHA1",1
"PDHB",1
"PDPK1",1
"PDXK",1
"PEF1",1
"PELI3",1
"PELP1",1
"PFKM",1
"PFN2",1
"PGAM1",1
"PHACTR2",1
"PHB",1
"PHF1",1
"PHF12",1
"PHF3",1
"PHF6",1
"PHF8",1
"PHKG2",1
"PHLPP1",1
"PHPT1",1
"PHTF2",1
"PHYHIPL",1
"PI4KA",1
"PIGO",1
"PIK3C2A",1
"PIK3C2B",1
"PIN1",1
"PINK1",1
"PIP4K2B",1
"PISD",1
"PKN2",1
"PKP4",1
"PLA2G12A",1
"PLA2G6",1
"PLAGL2",1
"PLCL2",1
"PLEKHM2",1
"PLPPR4",1
"PNPLA6",1
"PODXL2",1
"POLD3",1
"POLDIP2",1
"POLI",1
"POLR2C",1
"POLR2E",1
"POLR2G",1
"POLR2H",1
"POLR3D",1
"POLR3H",1
"POMP",1
"POP4",1
"PPARD",1
"PPFIA1",1
"PPIA",1
"PPIG",1
"PPM1B",1
"PPM1K",1
"PPM1L",1
"PPP1CB",1
"PPP1R13B",1
"PPP1R2",1
"PPP1R26",1
"PPP1R3F",1
"PPP1R9B",1
"PPP2R2A",1
"PPP2R5D",1
"PPP3CB",1
"PPP5C",1
"PPP6R1",1
"PPP6R2",1
"PPP6R3",1
"PPT1",1
"PRCC",1
"PRDM2",1
"PRDX1",1
"PRELID1",1
"PREPL",1
"PRKAB1",1
"PRKACB",1
"PRKAG1",1
"PRKCB",1
"PRKCSH",1
"PRMT1",1
"PRMT3",1
"PROSER1",1
"PRPF19",1
"PRPF4",1
"PRPF40A",1
"PRPF4B",1
"PRR14",1
"PRRC2C",1
"PSAP",1
"PSD",1
"PSMA1",1
"PSMA2",1
"PSMA5",1
"PSMB3",1
"PSMC2",1
"PSMC3",1
"PSMC4",1
"PSMD1",1
"PSMD10",1
"PSMD2",1
"PSMD6",1
"PSMD7",1
"PSMD8",1
"PSMD9",1
"PTGES3",1
"PTPA",1
"PTPMT1",1
"PTPN2",1
"PTPN23",1
"PTPRA",1
"PTPRJ",1
"PWP1",1
"PWWP2A",1
"R3HCC1",1
"R3HDM2",1
"RAB10",1
"RAB11A",1
"RAB11FIP2",1
"RAB1B",1
"RAB21",1
"RAB30",1
"RAB3A",1
"RAB3GAP2",1
"RAB5B",1
"RAB7A",1
"RABEP1",1
"RABGAP1L",1
"RAD1",1
"RAD21",1
"RAF1",1
"RALGAPB",1
"RALY",1
"RANBP2",1
"RAP1B",1
"RASA1",1
"RAVER2",1
"RBBP5",1
"RBFOX2",1
"RBL2",1
"RBM26",1
"RBM27",1
"RCBTB1",1
"RDH11",1
"REEP3",1
"REPIN1",1
"RFX3",1
"RGS7",1
"RHOBTB2",1
"RIC8B",1
"RIF1",1
"RING1",1
"RINT1",1
"RMDN1",1
"RNF11",1
"RNF111",1
"RNF123",1
"RNF13",1
"RNF138",1
"RNF157",1
"RNF170",1
"RNF187",1
"RNF5",1
"RNPS1",1
"ROBO2",1
"RPA1",1
"RPAP1",1
"RPF1",1
"RPL13A",1
"RPL15",1
"RPL21",1
"RPL23",1
"RPL27",1
"RPL28",1
"RPL30",1
"RPL31",1
"RPL34",1
"RPL4",1
"RPL7",1
"RPRD2",1
"RPS16",1
"RPS28",1
"RPS3",1
"RPS6",1
"RPS6KB1",1
"RPS6KB2",1
"RPS6KL1",1
"RSRC1",1
"RTCB",1
"RTFDC1",1
"RUFY1",1
"RUNDC3A",1
"RWDD1",1
"RYR2",1
"SAE1",1
"SARAF",1
"SARNP",1
"SART3",1
"SBF1",1
"SCAF11",1
"SCAMP1",1
"SCAMP3",1
"SCAMP4",1
"SCNM1",1
"SCP2",1
"SCRN1",1
"SCYL1",1
"SCYL2",1
"SCYL3",1
"SDHB",1
"SDR39U1",1
"SEC11A",1
"SEC16A",1
"SEC24B",1
"SEC61A1",1
"SECISBP2",1
"SELT",1
"SENP2",1
"SEPN1",1
"SEPT11",1
"SF3B2",1
"SFI1",1
"SGPL1",1
"SGSH",1
"SGSM2",1
"SH3GLB1",1
"SHANK2",1
"SHARPIN",1
"SHFM1",1
"SHOC2",1
"SIN3A",1
"SIRT1",1
"SIRT3",1
"SKA2",1
"SLAIN2",1
"SLC25A12",1
"SLC25A23",1
"SLC25A44",1
"SLC35A3",1
"SLC35A4",1
"SLC35E1",1
"SLC35F6",1
"SLC39A10",1
"SLC39A6",1
"SLC39A7",1
"SLC41A1",1
"SLC7A6OS",1
"SLK",1
"SLMAP",1
"SMAD5",1
"SMARCC1",1
"SMC5",1
"SMG6",1
"SMIM12",1
"SMIM14",1
"SMIM7",1
"SMPD4",1
"SMS",1
"SMYD5",1
"SNRK",1
"SNRPC",1
"SNU13",1
"SNX1",1
"SNX12",1
"SNX2",1
"SOCS5",1
"SOD1",1
"SP4",1
"SPAG9",1
"SPAST",1
"SPATA6",1
"SPEN",1
"SPG11",1
"SPG7",1
"SPOP",1
"SPPL2B",1
"SPSB3",1
"SRP14",1
"SRP72",1
"SRP9",1
"SRRT",1
"SRSF11",1
"SRSF4",1
"SSBP2",1
"SSBP3",1
"SSR1",1
"SSR2",1
"SSR3",1
"STAG1",1
"STAMBP",1
"STAT5B",1
"STAU1",1
"STIM1",1
"STIM2",1
"STK25",1
"STOX2",1
"STRAP",1
"STUB1",1
"STX17",1
"STX6",1
"SUB1",1
"SUCLG1",1
"SUGP1",1
"SUGP2",1
"SUMF2",1
"SUMO2",1
"SUPT5H",1
"SUPT6H",1
"SUZ12",1
"SYBU",1
"SYNCRIP",1
"SYNGAP1",1
"SYNGR1",1
"SYNJ2BP",1
"SYT7",1
"TAF2",1
"TAF6L",1
"TANC2",1
"TBC1D1",1
"TBC1D10B",1
"TBC1D12",1
"TBC1D9B",1
"TBCA",1
"TCEA2",1
"TCERG1",1
"TECPR1",1
"TECPR2",1
"TERF1",1
"TESK1",1
"TFIP11",1
"TGFB2",1
"TGOLN2",1
"THOC7",1
"THRA",1
"THSD7A",1
"THUMPD1",1
"THUMPD3",1
"TIMM50",1
"TIMMDC1",1
"TK2",1
"TM9SF2",1
"TMA7",1
"TMCC1",1
"TMED2",1
"TMED7",1
"TMEM138",1
"TMEM184B",1
"TMEM219",1
"TMEM222",1
"TMEM230",1
"TMEM231",1
"TMEM259",1
"TMEM33",1
"TMF1",1
"TMPO",1
"TMUB2",1
"TNPO2",1
"TOP3A",1
"TOR1A",1
"TOR3A",1
"TOX",1
"TPD52L2",1
"TRA2B",1
"TRAF3",1
"TRAPPC10",1
"TRIM23",1
"TRIP12",1
"TRRAP",1
"TSG101",1
"TSN",1
"TTC26",1
"TTC31",1
"TTC7A",1
"TTI2",1
"TUB",1
"TUG1",1
"TUSC2",1
"TXN2",1
"UBA3",1
"UBAC1",1
"UBAP1",1
"UBE2A",1
"UBE2D3",1
"UBE2E2",1
"UBE2G1",1
"UBE2Q1",1
"UBE2Z",1
"UBE4A",1
"UBN2",1
"UBQLN1",1
"UBR1",1
"UBR7",1
"UBXN1",1
"UBXN4",1
"UBXN7",1
"UCHL5",1
"UCK1",1
"UCKL1",1
"UFC1",1
"UFM1",1
"UNC50",1
"URGCP",1
"USP16",1
"USP34",1
"USP46",1
"USP7",1
"UTP4",1
"UTP6",1
"UVRAG",1
"VCP",1
"VDAC2",1
"VDAC3",1
"VMP1",1
"VPS11",1
"VPS13A",1
"VPS26A",1
"VPS28",1
"VPS36",1
"VPS37A",1
"VPS39",1
"VPS4A",1
"VPS72",1
"VPS9D1",1
"VWA8",1
"WDFY1",1
"WDR26",1
"WDR41",1
"WDR47",1
"WDR7",1
"WHSC1",1
"WRNIP1",1
"XAB2",1
"XRCC5",1
"YIPF3",1
"YTHDC1",1
"YTHDF1",1
"YWHAG",1
"YWHAQ",1
"ZBED1",1
"ZBED5",1
"ZBTB37",1
"ZC3H10",1
"ZC3H12C",1
"ZCCHC2",1
"ZCCHC9",1
"ZDHHC3",1
"ZFAND3",1
"ZFC3H1",1
"ZFP41",1
"ZFYVE27",1
"ZFYVE9",1
"ZNF143",1
"ZNF182",1
"ZNF251",1
"ZNF385A",1
"ZNF445",1
"ZNF462",1
"ZNF507",1
"ZNF512",1
"ZNF521",1
"ZNF542P",1
"ZNF596",1
"ZNF606",1
"ZNF654",1
"ZNF667",1
"ZNF672",1
"ZNF687",1
"ZNF721",1
"ZNF740",1
"ZNF776",1
"ZNF791",1
"ZNF821",1
"ZNF84",1
"ZNF862",1
"ZNF879",1
"ZNF93",1
"ZSWIM8",1
"ZYG11B",1
