gene,frequency
C1R,94
HLA-DRA,70
B2M,64
SERPING1,43
APOBEC3C,39
PTGS1,39
LIX1,29
TMEM98,29
C3,22
HLA-DPA1,21
F5,17
DAAM2,16
CCND1,14
ISLR,13
MAOB,13
FGF1,12
SYNC,12
RNASET2,9
SERPINA5,9
VSTM4,9
CUBN,8
HFE,7
COPZ2,6
MCRIP1,6
PPP1R16A,6
CAMTA2,5
CTSZ,5
CUL5,5
DHX36,5
EHMT2,5
FAM69C,5
GPS1,5
NCOR2,5
NEURL4,5
PLCG2,5
PLD3,5
THEM6,5
TRAF7,5
ABHD8,4
AES,4
ARSD,4
ATG4D,4
ATP13A2,4
CASP4,4
CYB5R3,4
ENPP7P11,4
FAM3C,4
GDPD2,4
GRK6,4
HAGH,4
HDAC5,4
IGSF8,4
KPNA5,4
LCTL,4
LYPLA2,4
MIER1,4
MLLT1,4
OSMR,4
PABPC1L,4
PCDH9,4
POLR2B,4
PPARD,4
SCAF1,4
SCYL1,4
SLC27A4,4
SLC9A9,4
SPSB3,4
TRMT5,4
VPS28,4
ACTN4,3
ANKRD13D,3
AQP4,3
ATP13A1,3
BIN1,3
BRSK1,3
BRSK2,3
BTN3A3,3
C16orf58,3
C1RL,3
C3orf18,3
C7,3
C9orf114,3
CADPS2,3
CCDC43,3
CDC40,3
CDK19,3
CHPF,3
CLASP2,3
COMT,3
CYP27A1,3
DARS-AS1,3
DHX34,3
DPY19L3,3
ECSIT,3
EEF1A2,3
EFNA1,3
ELMOD2,3
ERO1A,3
FAM199X,3
FASTKD2,3
FBXO28,3
FKBP8,3
FMR1,3
G2E3,3
GAB3,3
GCC2,3
GIT1,3
GPAA1,3
GPRC5A,3
GRIA4,3
GRN,3
IGFBP7,3
JADE2,3
KCNE3,3
KCNJ9,3
KIAA0513,3
KLC2,3
LINC01411,3
LRP3,3
LRRN2,3
LZTR1,3
MAP2K7,3
MAPK3,3
MICU3,3
MRPL28,3
NAA30,3
NAA50,3
NCKIPSD,3
NFIA,3
NKIRAS2,3
NMNAT2,3
NR2E1,3
PALM,3
PDZD4,3
PER1,3
PEX7,3
PFKP,3
PIP5K1C,3
PNKD,3
PNPLA6,3
POT1,3
PPFIBP1,3
PPP1R37,3
PPP6R2,3
PRKAR1A,3
PRR12,3
PSD,3
PTAR1,3
PTGES2,3
PTOV1,3
QKI,3
RAB11FIP5,3
RAB1B,3
RANBP3,3
RBFOX3,3
RILPL2,3
ROBO2,3
RP11-274H2.5,3
RPS28,3
RUSC2,3
SDAD1P1,3
SEMA4B,3
SETX,3
SGSM3,3
SHARPIN,3
SIRT2,3
SLC16A3,3
SLC1A3,3
SLC2A1,3
SNX13,3
SV2A,3
SVOP,3
TAB1,3
TMEM129,3
TRIM22,3
TTYH1,3
TUBGCP6,3
U2AF2,3
UBE2K,3
USP1,3
USP5,3
VAPA,3
VEZT,3
WDR46,3
XPO6,3
YEATS2,3
ZNF358,3
ZNF891,3
ABCA2,2
ABHD13,2
ABTB1,2
ABTB2,2
AC007743.1,2
ADAM23,2
ADAMTS9,2
ADAMTSL1,2
ADGRG1,2
ADM,2
ADORA2B,2
AKAP9,2
AKT1,2
AKT2,2
ALDH1L2,2
ALG1,2
AMPD2,2
AMPH,2
ANGPT2,2
ANGPTL4,2
AP001046.5,2
AP1B1,2
AP5M1,2
APPBP2,2
ARHGEF11,2
ARIH1,2
ARL1,2
ARL4C,2
ARMCX5,2
ASAH2B,2
ASIC4,2
ATAD3A,2
ATF2,2
ATG2A,2
ATOH8,2
ATP1A3,2
AURKAIP1,2
B4GALT1,2
BAG6,2
BANF1,2
BCAT2,2
BRK1,2
BSG,2
C1orf159,2
C2CD2L,2
C5orf15,2
C7orf43,2
CACYBP,2
CAMSAP3,2
CC2D1A,2
CCAR2,2
CCNA1,2
CCNT2,2
CCPG1,2
CCT3,2
CCT4,2
CCT5,2
CD164,2
CD93,2
CDK18,2
CECR2,2
CELF4,2
CFB,2
CHMP1A,2
CIRBP,2
CIT,2
CKB,2
CLCF1,2
CLCN4,2
CLDN1,2
CLIC5,2
CLIP4,2
CLPP,2
CLRN1,2
CLUH,2
CNN3,2
CNTN4,2
COASY,2
CORO7,2
CRELD1,2
CSDE1,2
CTB-50L17.10,2
CTDSP2,2
CTNNB1,2
CTSD,2
CUL4B,2
CXCL12,2
CYP21A2,2
CYP4F12,2
DARS,2
DBNDD2,2
DCAF12,2
DCAF15,2
DCUN1D1,2
DCUN1D4,2
DDX17,2
DDX21,2
DIS3L,2
DNAJB2,2
DNAL1,2
DPH2,2
DTX3,2
DTX3L,2
DTX4,2
DYNC2LI1,2
EDIL3,2
EEF2,2
EIF3G,2
EOGT,2
ERCC6L2,2
ERLIN2,2
ESD,2
ESPN,2
ESRRA,2
EXOC5,2
FABP5,2
FADS3,2
FAM131C,2
FAM13B,2
FAM234A,2
FASTK,2
FAT3,2
FBL,2
FBXO44,2
FBXO9,2
FBXW5,2
FEZF1,2
FGF11,2
FLNA,2
FLT1,2
FNTB,2
FPGS,2
FSIP1,2
FXR2,2
G3BP2,2
GABPA,2
GCC1,2
GDF15,2
GGA3,2
GLIS3,2
GNA11,2
GNAQ,2
GOT1,2
GPR22,2
GPX4,2
GRIA2,2
GRIN2B,2
GRK2,2
GTF3C2,2
GYG2,2
GZF1,2
HABP2,2
HACD4,2
HDC,2
HEATR6,2
HECTD1,2
HGS,2
HIF1A-AS2,2
HLA-DMA,2
HSPA5,2
IER3IP1,2
IFIT2,2
IFT46,2
IGFBP5,2
IGIP,2
ILVBL,2
IMPAD1,2
INPP5J,2
IP6K1,2
IRF2BP2,2
IRGQ,2
JMJD8,2
KIAA0040,2
KIAA1715,2
KIF1B,2
KIF6,2
KLHL17,2
KPNA1,2
KPNB1,2
KPTN,2
LAMB2,2
LAMP2,2
LANCL1,2
LANCL2,2
LDHA,2
LEO1,2
LGMN,2
LIN7A,2
LINC00950,2
LITAF,2
LMAN1,2
LMLN,2
LRRC75B,2
MAN2A2,2
MAP3K10,2
MAP4K3,2
MAP4K5,2
MAPK1IP1L,2
MAPK8,2
MAPK8IP2,2
1-Mar,2
5-Mar,2
MED1,2
MED16,2
MET,2
MFGE8,2
MIA3,2
MINA,2
MIR210HG,2
MLST8,2
MMADHC,2
MOB3B,2
MON1A,2
MR1,2
MRPL4,2
MRPL51,2
MSANTD2,2
MTDH,2
MTSS1L,2
MTURN,2
MXRA8,2
MYBBP1A,2
MYL6B,2
MYO9B,2
NAA10,2
NAT14,2
NCKAP1,2
NDEL1,2
NDUFS2,2
NFIL3,2
NIPAL2,2
NLE1,2
NLGN4Y,2
NLRC5,2
NOC3L,2
NOL6,2
NOL9,2
NOS2P3,2
NUCB1,2
NUDCD1,2
NUMA1,2
NXF1,2
OGG1,2
OIP5-AS1,2
OSCP1,2
OSGIN2,2
OSTM1-AS1,2
OTUB1,2
P3H2,2
P3H3,2
P4HA2,2
PACS2,2
PAIP2B,2
PAQR4,2
PCDH7,2
PCGF5,2
PCNP,2
PCYT1B,2
PDDC1,2
PDGFRA,2
PDPN,2
PELO,2
PEX6,2
PFKFB3,2
PFKFB4,2
PGM2L1,2
PHF7,2
PIDD1,2
PIGU,2
PIKFYVE,2
PIM2,2
PIN1,2
PLEC,2
PLEKHB1,2
PLEKHO2,2
PLEKHS1,2
PLIN2,2
PLOD2,2
PLRG1,2
PLXNB2,2
PLXND1,2
PNKP,2
PNPLA2,2
PNPLA4,2
POLD1,2
POLR3B,2
PPP1CB,2
PPP1R12C,2
PPP1R26,2
PPP2R5B,2
PPP6R1,2
PRELID1,2
PRKD1,2
PRMT1,2
PRRC2A,2
PSMB8,2
PTP4A3,2
PTPN23,2
PTPRU,2
PWP1,2
RAB11B,2
RAB11FIP2,2
RAB20,2
RAB3B,2
RALGAPB,2
RANBP2,2
RAX2,2
RBP3,2
RDH12,2
RELA,2
RERE,2
REXO1,2
REXO4,2
RGL2,2
RHBDD2,2
RHOT2,2
RHPN1,2
RIMS4,2
RLF,2
RNF123,2
RNF24,2
RP11-1085N6.3,2
RP11-109J4.1,2
RP11-10L12.4,2
RP11-16P6.1,2
RP11-274G22.1,2
RP11-314B1.2,2
RP11-441O15.3,2
RP11-517B11.7,2
RP11-713P17.3,2
RP11-754B17.1,2
RP13-516M14.2,2
RP4-563E14.1,2
RP5-965G21.3,2
RPL18A,2
RPS6KB1,2
RUNX1T1,2
S100B,2
SACM1L,2
SBF1,2
SCAMP4,2
SCAMP5,2
SCAPER,2
SCN2A,2
SCRIB,2
SCUBE3,2
SCYL2,2
SECISBP2L,2
SEMA5B,2
SEPN1,2
SERPINE1,2
SF3B4,2
SGK494,2
SH3BGRL,2
SH3GL1,2
SH3PXD2A,2
SH3PXD2B,2
SHPRH,2
SLC25A3,2
SLC29A4,2
SLC30A7,2
SLC38A10,2
SLC6A6,2
SLC8A1,2
SLFNL1,2
SLITRK4,2
SLX1A-SULT1A3,2
SMG9,2
SMIM3,2
SNRNP70,2
SNX11,2
SPAG4,2
SPG7,2
SPOPL,2
SRBD1,2
SRCIN1,2
ST7,2
STAG2,2
STAM2,2
STEAP4,2
STK36,2
SYMPK,2
SYNPR,2
SZT2,2
TAF9B,2
TAZ,2
TCEA2,2
TECPR1,2
THAP4,2
THOC5,2
THUMPD1,2
TIMP3,2
TIMP4,2
TMED2,2
TMED4,2
TMED5,2
TMEM176A,2
TMEM192,2
TMEM200A,2
TMEM246,2
TMEM63B,2
TNK2,2
TP53BP2,2
TRIM66,2
TROVE2,2
TSC2,2
TSTD2,2
TUFM,2
TWF1,2
UBE4A,2
UBXN6,2
UNC5A,2
UPF1,2
USP28,2
USP33,2
VPS33A,2
VPS37A,2
VPS37D,2
VTA1,2
WDR24,2
WDR43,2
WDR73,2
WSB2,2
XAB2,2
YAP1,2
YIPF2,2
YY1AP1,2
ZBTB17,2
ZBTB22,2
ZDHHC17,2
ZDHHC5,2
ZER1,2
ZFP37,2
ZFYVE19,2
ZNF326,2
ZNF471,2
ZNF512B,2
ZNF689,2
ZW10,2
AAED1,1
AAK1,1
ABAT,1
ABCB8,1
ABCB9,1
ABCC2,1
ABCD3,1
ABCF2,1
ABCG4,1
ABHD14A,1
ABHD5,1
AC004381.6,1
AC004987.9,1
AC005224.2,1
AC006116.27,1
AC007038.7,1
AC007228.11,1
AC009403.2,1
AC013733.3,1
AC016747.3,1
AC016757.3,1
AC018638.1,1
AC073052.1,1
AC074117.10,1
AC083843.1,1
AC083843.4,1
AC108004.2,1
ACAA1,1
ACADSB,1
ACBD4,1
ACE2,1
ACER2,1
ACOX1,1
ACOX2,1
ACP5,1
ACRC,1
ACSL4,1
ACTB,1
ACTG1P1,1
ACTN2,1
ACTR10,1
ACTR1B,1
ACTR2,1
ACTR3,1
ACTR6,1
ACVR2A,1
ACVR2B,1
ACVR2B-AS1,1
ADAL,1
ADAM15,1
ADAM22,1
ADAMTS1,1
ADAMTS12,1
ADAMTS4,1
ADCK4,1
ADCY5,1
ADCY8,1
ADD1,1
ADGRG6,1
ADGRL1,1
ADGRL4,1
ADIPOR1,1
ADIRF-AS1,1
ADO,1
AF127936.9,1
AFG3L2,1
AFTPH,1
AGAP1,1
AGGF1,1
AGPAT3,1
AGT,1
AHCTF1,1
AHCYL1,1
AIDA,1
AIFM1,1
AIMP2,1
AIP,1
AK3,1
AK5,1
AKAIN1,1
AKR1E2,1
AL023806.1,1
AL157871.2,1
AL356053.1,1
ALDH4A1,1
ALDOA,1
ALKBH7,1
ALOX12-AS1,1
ALS2,1
AMACR,1
ANAPC4,1
ANGPTL1,1
ANK1,1
ANKMY1,1
ANKRD17,1
ANKRD34C,1
ANKRD36C,1
ANKRD46,1
ANKRD53,1
ANKRD55,1
ANKRD9,1
ANKS1B,1
ANKS6,1
ANO3,1
ANP32E,1
ANXA1,1
ANXA11,1
AP000473.5,1
AP000704.5,1
AP000997.1,1
AP000997.2,1
AP2A1,1
AP3S1,1
APBA2,1
APBB1,1
APEH,1
APEX1,1
APH1A,1
API5,1
APLP1,1
APPL1,1
AQR,1
ARC,1
ARF1,1
ARF3,1
ARFIP1,1
ARGLU1,1
ARHGAP11B,1
ARHGAP20,1
ARHGAP21,1
ARHGAP23,1
ARHGAP26,1
ARHGAP32,1
ARHGAP5,1
ARHGEF26,1
ARHGEF33,1
ARHGEF7,1
ARHGEF7-AS2,1
ARID2,1
ARID3A,1
ARID4A,1
ARID5B,1
ARL6,1
ARL6IP4,1
ARMC3,1
ARMC9,1
ARMCX4,1
ARRDC1,1
ARRDC2,1
ASF1A,1
ASGR1,1
ASH2L,1
ASIC2,1
ASPA,1
ASPSCR1,1
ASXL1,1
ATAD3B,1
ATF6B,1
ATF7IP,1
ATG9A,1
ATG9B,1
ATM,1
ATN1,1
ATP5B,1
ATP5J,1
ATP6V0A1,1
ATP6V1D,1
ATP6V1G1,1
ATP6V1G2,1
ATR,1
ATRNL1,1
ATXN10,1
ATXN2L,1
ATXN7L3,1
AZIN1,1
B3GAT3,1
B4GALNT1,1
B4GALNT4,1
B4GALT2,1
BAALC,1
BACE2,1
BAIAP2-AS1,1
BAP1,1
BAZ1B,1
BAZ2B,1
BBX,1
BCAM,1
BCL3,1
BCL6,1
BCL7B,1
BCL9,1
BCS1L,1
BDH1,1
BEST3,1
BEX5,1
BICDL1,1
BLCAP,1
BMI1,1
BMP3,1
BMP7,1
BMT2,1
BNIP3L,1
BOP1,1
BRAF,1
BRF1,1
BRWD1,1
BSDC1,1
BSN-AS2,1
BTAF1,1
BTBD11,1
BTBD19,1
BTBD2,1
BTBD6,1
BTG3,1
BYSL,1
BZW1,1
C11orf87,1
C12orf56,1
C12orf57,1
C15orf40,1
C16orf13,1
C16orf70,1
C17orf100,1
C1orf101,1
C1orf109,1
C1orf216,1
C1orf228,1
C1orf52,1
C1QC,1
C1QL1,1
C1QL2,1
C1QL4,1
C1QTNF3,1
C1S,1
C2,1
C22orf46,1
C2orf49,1
C2orf68,1
C3orf62,1
C4orf3,1
C4orf47,1
C5orf24,1
C5orf51,1
C5orf63,1
C7orf49,1
C8orf48,1
C9orf142,1
CA9,1
CABP4,1
CACFD1,1
CACHD1,1
CACNA1E,1
CACNA1G,1
CACNA2D1,1
CACNA2D3,1
CACNB1,1
CACNB4,1
CADM2,1
CADM3,1
CALCOCO2,1
CALML3-AS1,1
CALY,1
CAP2,1
CAPN1,1
CAPN15,1
CAPN7,1
CAPZB,1
CARNMT1,1
CASKIN1,1
CASKIN2,1
CASP1,1
CASP6,1
CASQ1,1
CBL,1
CBLN2,1
CBLN4,1
CBX6,1
CCDC106,1
CCDC107,1
CCDC115,1
CCDC134,1
CCDC141,1
CCDC142,1
CCDC146,1
CCDC174,1
CCDC189,1
CCDC22,1
CCDC24,1
CCDC3,1
CCDC57,1
CCDC80,1
CCDC85A,1
CCDC89,1
CCDC90B,1
CCDC91,1
CCNA2,1
CCNDBP1,1
CCNG2,1
CCNI2,1
CCNJ,1
CCNL1,1
CCNT1,1
CCT2,1
CD151,1
CD200,1
CD300A,1
CD34,1
CD74,1
CD81,1
CDC26,1
CDC42,1
CDC42EP1,1
CDC42SE2,1
CDH11,1
CDH18,1
CDH2,1
CDH24,1
CDH8,1
CDIP1,1
CDIPT,1
CDK12,1
CDK16,1
CDK2,1
CDK6,1
CDK9,1
CDO1,1
CDV3,1
CEBPB,1
CEBPD,1
CELF3,1
CEND1,1
CENPB,1
CENPBD1P1,1
CENPU,1
CEP104,1
CEP170,1
CEP19,1
CEP85,1
CEPT1,1
CERS6,1
CES2,1
CFAP20,1
CFAP44,1
CGNL1,1
CH507-42P11.8,1
CH507-9B2.4,1
CHAF1B,1
CHD4,1
CHD8,1
CHD9,1
CHIC1,1
CHL1,1
CHMP1B,1
CHPF2,1
CHRAC1,1
CHRDL1,1
CHRM3,1
CHRNB3,1
CHST15,1
CHST9,1
CHUK,1
CIC,1
CITF22-92A6.1,1
CKS2,1
CLASRP,1
CLEC11A,1
CLIC6,1
CLIP2,1
CLK1,1
CLN5,1
CLN6,1
CLP1,1
CLPB,1
CLSPN,1
CLUL1,1
CLVS1,1
CLVS2,1
CMB9-22P13.1,1
CMIP,1
CMTM8,1
CNGA1,1
CNIH4,1
CNKSR2,1
CNNM3,1
CNP,1
CNTFR,1
CNTN3,1
COA7,1
COG1,1
COG3,1
COIL,1
COL12A1,1
COL18A1,1
COL19A1,1
COL23A1,1
COL4A4,1
COL4A6,1
COL7A1,1
COMMD2,1
COPA,1
COPB2,1
COPG1,1
COPS2,1
COPS4,1
COPS9,1
COQ9,1
CORO1B,1
COX7A2,1
COX7B,1
CP,1
CPEB1-AS1,1
CPLX1,1
CPLX2,1
CPLX4,1
CPNE6,1
CPNE9,1
CPT1B,1
CPT1C,1
CPT2,1
CRADD,1
CRB1,1
CREBRF,1
CRY2,1
CRYAB,1
CRYBB2P1,1
CS,1
CSF1R,1
CSK,1
CSNK1D,1
CSNK1E,1
CSNK1G2,1
CSNK1G3,1
CSRNP1,1
CTA-228A9.3,1
CTA-384D8.36,1
CTAGE5,1
CTB-113D17.1,1
CTBP1,1
CTBS,1
CTC-429P9.3,1
CTC-523E23.3,1
CTCF,1
CTD-2114J12.1,1
CTD-2369P2.12,1
CTD-2517O10.6,1
CTD-2521M24.11,1
CTD-2562J17.6,1
CTD-2574D22.4,1
CTD-2651B20.3,1
CTD-3220F14.3,1
CTNNA1,1
CTNNBIP1,1
CTNND2,1
CTTNBP2,1
CTU2,1
CUL3,1
CUL7,1
CUTC,1
CXCL8,1
CXorf56,1
CXorf57,1
CXXC1,1
CXXC5,1
CYB561,1
CYB5R1,1
CYBRD1,1
CYC1,1
CYHR1,1
CYLD,1
CYP2J2,1
CYP4X1,1
CYP7B1,1
CYSTM1,1
CYTH1,1
DAB2IP,1
DACH1,1
DACT2,1
DAW1,1
DAXX,1
DBI,1
DBN1,1
DCAF10,1
DCAF5,1
DCLRE1A,1
DCLRE1B,1
DCTN1,1
DCTN6,1
DCUN1D3,1
DCUN1D5,1
DDB1,1
DDIT4,1
DDX27,1
DDX41,1
DDX54,1
DEAF1,1
DEDD,1
DENR,1
DEPDC4,1
DEPDC5,1
DERL1,1
DFNA5,1
DGAT1,1
DGCR2,1
DGCR6L,1
DGKG,1
DHPS,1
DHX33,1
DIABLO,1
DIS3L2,1
DKC1,1
DLC1,1
DLD,1
DLG2,1
DLGAP1-AS2,1
DLST,1
DMD,1
DMTN,1
DNAH5,1
DNAJA1,1
DNAJB12,1
DNAJB5,1
DNAJB9,1
DNAJC10,1
DNAJC12,1
DNAJC14,1
DNAJC25,1
DNASE1L1,1
DNASE1L2,1
DNM1L,1
DOCK1,1
DOCK10,1
DOK3,1
DOK5,1
DPH3,1
DPM2,1
DPP6,1
DPP7,1
DPP9,1
DPY19L4,1
DPY30,1
DRP2,1
DSG2,1
DUS1L,1
DUS3L,1
DUSP26,1
DUSP28,1
DUSP5,1
DVL1,1
DVL2,1
DYNC1LI1,1
DYNLRB1,1
DZIP1,1
E2F4,1
E4F1,1
ECD,1
ECE1,1
ECH1,1
ECHDC1,1
ECI1,1
EDEM3,1
EDF1,1
EDN3,1
EEF1D,1
EFEMP2,1
EFNA3,1
EFR3A,1
EGFR,1
EGLN1,1
EGLN2,1
EGLN3,1
EGR1,1
EGR2,1
EGR3,1
EIF1AD,1
EIF2B4,1
EIF3B,1
EIF4A2,1
EIF4E2,1
ELAVL3,1
ELFN1,1
ELK1,1
ELL2,1
ELOVL2,1
EMC1,1
EML1,1
EML4,1
EML6,1
EMP2,1
EMSY,1
ENO2,1
ENO4,1
ENOSF1,1
ENTPD1-AS1,1
ENTPD3,1
EPB41L3,1
EPB41L5,1
EPHA2,1
EPHA7,1
EPO,1
EPS8,1
ERBB2,1
ERBIN,1
ERCC8,1
ERLEC1,1
ERMN,1
ERVK3-1,1
ESCO1,1
ESF1,1
ESYT2,1
ETNK1,1
EVA1C,1
EVI5L,1
EXO5,1
EXOC3,1
EXOC4,1
EXOC7,1
EXOSC1,1
EXOSC2,1
EXOSC4,1
EXOSC9,1
EXTL3-AS1,1
FAAP100,1
FAF2,1
FAHD2A,1
FAM102A,1
FAM114A2,1
FAM134B,1
FAM136A,1
FAM160A2,1
FAM171A2,1
FAM188A,1
FAM196A,1
FAM196B,1
FAM198A,1
FAM19A4,1
FAM20C,1
FAM214A,1
FAM21EP,1
FAM223A,1
FAM229B,1
FAM27E3,1
FAM46A,1
FAM50A,1
FAM57B,1
FAM78A,1
FAM8A1,1
FANCD2,1
FARP2,1
FARSB,1
FAXDC2,1
FBXL19-AS1,1
FBXL3,1
FBXL4,1
FBXO41,1
FBXO42,1
FBXO5,1
FBXO8,1
FBXW4,1
FCGR2B,1
FCGR3A,1
FCHO2,1
FERMT2,1
FGF14,1
FGFR1,1
FGFRL1,1
FH,1
FHDC1,1
FIGLA,1
FIS1,1
FITM2,1
FKBP2,1
FKBP9,1
FLCN,1
FLJ38576,1
FLOT1,1
FMN1,1
FMNL2,1
FNDC1,1
FNDC3A,1
FOLH1,1
FOXP4,1
FRAS1,1
FRMD4B,1
FRRS1L,1
FRS2,1
FRS3,1
FSBP,1
FUBP1,1
FURIN,1
FXYD6,1
FYCO1,1
FYTTD1,1
FZR1,1
G6PC3,1
GABRA2,1
GABRB2,1
GABRB3,1
GABRG2,1
GAD1,1
GAD2,1
GADD45GIP1,1
GALNT1,1
GALNT12,1
GALNT15,1
GAMT,1
GAPVD1,1
GAS5,1
GAS6,1
GATB,1
GBA2,1
GCN1,1
GCSH,1
GDAP2,1
GDE1,1
GDI1,1
GDPD5,1
GEM,1
GEMIN5,1
GEMIN6,1
GFRA1,1
GIMAP2,1
GIPC1,1
GLCE,1
GLI3,1
GLMN,1
GLMP,1
GLRA3,1
GLT8D1,1
GLTSCR2,1
GLYR1,1
GMFB,1
GNA12,1
GNA13,1
GNAO1,1
GNAT1,1
GNG2,1
GNG3,1
GNG4,1
GNL2,1
GNPAT,1
GOLGA4,1
GOLGA6L5P,1
GOLPH3L,1
GOLT1B,1
GORASP2,1
GPALPP1,1
GPANK1,1
GPATCH11,1
GPATCH4,1
GPC4,1
GPCPD1,1
GPHN,1
GPM6A,1
GPNMB,1
GPR1,1
GPR107,1
GPR12,1
GPR137,1
GPR151,1
GPR162,1
GPR173,1
GPR179,1
GPR180,1
GPR84,1
GPR85,1
GPRASP1,1
GPX3,1
GREB1,1
GREB1L,1
GRID2,1
GRIK2,1
GRIK3,1
GRIN1,1
GRIN2A,1
GRIN2C,1
GRINA,1
GRM3,1
GRM4,1
GRM5,1
GS1-259H13.2,1
GS1-358P8.4,1
GSDMB,1
GSPT2,1
GSTA4,1
GSTM2,1
GTDC1,1
GTF2A1,1
GTF2F1,1
GTF2H1,1
GTF2IRD1,1
GTF3C3,1
GUCY2F,1
GUK1,1
H1FX,1
H3F3A,1
HACD1,1
HACL1,1
HAUS1,1
HAUS4,1
HAUS6,1
HBEGF,1
HBS1L,1
HCFC1,1
HCFC2,1
HCG18,1
HDAC11,1
HDAC2,1
HDAC6,1
HDLBP,1
HEATR5B,1
HEBP1,1
HECTD2,1
HEG1,1
HERC1,1
HERC2,1
HFM1,1
HGD,1
HGH1,1
HILPDA,1
HINFP,1
HINT3,1
HIPK1,1
HIST1H2BE,1
HIST3H2BB,1
HIVEP2,1
HK2,1
HLA-B,1
HLA-DMB,1
HLA-E,1
HLF,1
HMGN2P5,1
HNRNPAB,1
HNRNPF,1
HNRNPH2,1
HNRNPH3,1
HNRNPLL,1
HNRNPM,1
HNRNPR,1
HOMEZ,1
HPCA,1
HPCAL1,1
HPCAL4,1
HS3ST2,1
HS6ST3,1
HSD11B1L,1
HSF2,1
HSPA13,1
HSPA8,1
HSPB3,1
HSPH1,1
HTR5A,1
HUNK,1
IBTK,1
IDE,1
IDH1,1
IER2,1
IER5L,1
IFI16,1
IFNAR2,1
IFT140,1
IFT20,1
IFT22,1
IGDCC4,1
IGFBP2,1
IGFN1,1
IGLON5,1
IKZF2,1
IL1RL1,1
IL2RG,1
IL6,1
ILF2,1
ILF3,1
IMMT,1
IMP4,1
IMPACT,1
IMPG2,1
INAFM1,1
INIP,1
INO80,1
INO80E,1
INSIG2,1
INTS10,1
INTS3,1
IPO13,1
IPO8,1
IPO9,1
IQCK,1
IRF7,1
IRS2,1
IRX2,1
ITCH,1
ITGA10,1
ITM2A,1
ITPRIP,1
IVD,1
JAK2,1
JKAMP,1
JPH4,1
JUND,1
KAT5,1
KATNB1,1
KB-1460A1.5,1
KB-1572G7.2,1
KBTBD2,1
KBTBD6,1
KCNC4,1
KCNH2,1
KCNH5,1
KCNJ10,1
KCNJ2,1
KCNK9,1
KCNT1,1
KCTD17,1
KCTD3,1
KCTD5,1
KCTD9P4,1
KDELC2,1
KDM2A,1
KDM3A,1
KDM3B,1
KDM4B,1
KDM4C,1
KDM5B,1
KDM5D,1
KDM6A,1
KDM7A,1
KDM8,1
KDR,1
KDSR,1
KIAA0232,1
KIAA0895L,1
KIAA1033,1
KIAA1109,1
KIAA1147,1
KIAA1217,1
KIAA1429,1
KIF11,1
KIF1A,1
KIF21B,1
KIF2A,1
KIF9-AS1,1
KIRREL2,1
KLC1,1
KLC4,1
KLF6,1
KLHDC2,1
KLHDC8A,1
KLHL14,1
KLHL28,1
KLHL29,1
KLHL5,1
KLHL8,1
KMT2D,1
KRT18,1
KSR2,1
KTN1,1
KYAT1,1
L1CAM,1
L2HGDH,1
LAIR1,1
LAMTOR4,1
LANCL3,1
LARP1B,1
LARP7,1
LARS2,1
LATS1,1
LDB1,1
LGR4,1
LHX1,1
LIFR,1
LIFR-AS1,1
LIG3,1
LIMD1,1
LIMS1,1
LINC00092,1
LINC00094,1
LINC00467,1
LINC00606,1
LINC00672,1
LINC00869,1
LINC00870,1
LINC00890,1
LINC00954,1
LINC01128,1
LINC01137,1
LINC01278,1
LINC01431,1
LINC01481,1
LINC01547,1
LINC01578,1
LINC01619,1
LINGO1,1
LIPG,1
LLGL2,1
LMAN2,1
LMBRD2,1
LMCD1,1
LMF2,1
LMNB2,1
LMOD1,1
LMTK3,1
LNPEP,1
LNX1,1
LOXL3,1
LPGAT1,1
LRBA,1
LRCH2,1
LRCH4,1
LRP2BP,1
LRRC14,1
LRRC20,1
LRRC32,1
LRRC36,1
LRRC37A,1
LRRC4,1
LRRC49,1
LRRC4B,1
LRRC8A,1
LRRTM2,1
LRRTM3,1
LSAMP,1
LSM14A,1
LSM5,1
LTA4H,1
LTBP3,1
LTV1,1
LUCAT1,1
LUM,1
LYRM9,1
LYST,1
LZTS2,1
MACROD1,1
MAF,1
MAF1,1
MAGI1,1
MAGI2-AS3,1
MAGIX,1
MAK,1
MAN1A1,1
MAN1B1,1
MAN2A1,1
MANBA,1
MANEAL,1
MANSC1,1
MAOA,1
MAP1LC3A,1
MAP1LC3B,1
MAP1S,1
MAP3K11,1
MAP3K14-AS1,1
MAP3K3,1
MAP3K6,1
MAP7D3,1
MAPK10,1
MAPK8IP3,1
MAPKAPK5,1
MAPRE3,1
2-Mar,1
MARCKSL1,1
MARK1,1
MARK4,1
MARVELD2,1
MAT2A,1
MAX,1
MBNL2,1
MBOAT2,1
MCF2,1
MCF2L2,1
MCHR1,1
MCM4,1
MCM5,1
MCRS1,1
MCTS2P,1
MCU,1
MDM2,1
ME3,1
MED27,1
MED29,1
MEF2A,1
MEF2D,1
MEGF8,1
MEOX2-AS1,1
MESDC2,1
METAP1D,1
METAP2,1
METTL1,1
METTL7A,1
METTL9,1
MFAP1,1
MFSD5,1
MGA,1
MGAT3,1
MGAT4B,1
MGAT4EP,1
MIATNB,1
MIB2,1
MID1,1
MIF,1
MINK1,1
MIR568,1
MIR600HG,1
MITF,1
MKLN1,1
MLH1,1
MLLT11,1
MMP14,1
MMP24,1
MMP28,1
MMS22L,1
MOB2,1
MOGS,1
MON1B,1
MORF4L2,1
MORN1,1
MOSPD1,1
MOXD1,1
MPHOSPH6,1
MPRIP,1
MPV17L2,1
MPZ,1
MRAP2,1
MRAS,1
MREG,1
MRPL11,1
MRPL15,1
MRPL38,1
MRPL48,1
MRPS12,1
MRPS23,1
MRTO4,1
MSRB1,1
MSTO2P,1
MT3,1
MTA3,1
MTERF1,1
MTHFD2L,1
MTMR7,1
MTPN,1
MTRF1,1
MUTYH,1
MXD4,1
MYH10,1
MYH15,1
MYH9,1
MYL12B,1
MYO1E,1
MYOM1,1
MYOM3,1
MYRF,1
MYSM1,1
MYT1L,1
MZT1,1
N4BP2L1,1
N4BP2L2,1
NAA20,1
NAAA,1
NACAD,1
NALCN,1
NAP1L1,1
NAP1L2,1
NAPA,1
NAPEPLD,1
NARF,1
NAT9,1
NCAM1,1
NCAM2,1
NCDN,1
NCKAP5L,1
NCLN,1
NCSTN,1
NDN,1
NDOR1,1
NDRG4,1
NDUFA11,1
NDUFA13,1
NDUFAF6,1
NDUFB7,1
NDUFS1,1
NDUFS8,1
NECAB2,1
NECAB3,1
NECTIN2,1
NEDD1,1
NEDD4L,1
NEK4,1
NELFB,1
NELFE,1
NELL2,1
NES,1
NEU3,1
NEUROD4,1
NEUROG2,1
NFAT5,1
NFATC3,1
NFE2L2,1
NFIC,1
NFKBIL1,1
NFYA,1
NGB,1
NHSL2,1
NINJ1,1
NIPSNAP1,1
NIT2,1
NKAIN2,1
NLGN3,1
NOL11,1
NOL8,1
NOLC1,1
NONOP2,1
NOP58,1
NOP9,1
NOTCH2,1
NOTCH2NL,1
NOVA1,1
NPDC1,1
NPEPL1,1
NPLOC4,1
NR2E3,1
NR2F6,1
NR4A1,1
NR4A3,1
NRAS,1
NRG3,1
NRSN2-AS1,1
NRXN1,1
NRXN2,1
NSUN5P1,1
NT5C2,1
NT5C3A,1
NTRK2,1
NUBP1,1
NUBP2,1
NUCKS1,1
NUDT16,1
NUDT22,1
NUMBL,1
NUP153,1
NUP214,1
NUP37,1
NUP93,1
NUS1,1
NWD2,1
NXN,1
NXPH3,1
NYAP2,1
OARD1,1
OAZ1,1
OAZ2,1
OMG,1
OR5P3,1
OR6B3,1
OR7E14P,1
ORC3,1
ORC4,1
OSBP2,1
OSBPL10,1
OSGEP,1
OTUD3,1
OTULIN,1
OTX2-AS1,1
P2RY6,1
P3H4,1
P4HA1,1
P4HB,1
PACSIN1,1
PACSIN3,1
PAFAH2,1
PAK3,1
PALM3,1
PANK3,1
PAPD4,1
PAPD5,1
PAPOLA,1
PAPOLB,1
PAQR9-AS1,1
PARL,1
PARM1,1
PARP10,1
PARP8,1
PARS2,1
PART1,1
PC,1
PCBD2,1
PCBP3,1
PCDH11X,1
PCDH19,1
PCDHGA10,1
PCDHGA8,1
PCIF1,1
PCK1,1
PCMTD1,1
PCNX3,1
PCSK1,1
PCSK2,1
PDAP1,1
PDCD2,1
PDCL3P4,1
PDE12,1
PDE6A,1
PDE6D,1
PDE6G,1
PDE8A,1
PDE9A,1
PDIA6,1
PDIK1L,1
PDS5A,1
PDXK,1
PDXP,1
PELP1,1
PEX1,1
PEX16,1
PEX3,1
PFAS,1
PFKFB2,1
PGBD4,1
PGD,1
PGM2,1
PGM3,1
PHACTR3,1
PHF19,1
PHF20,1
PHF6,1
PHTF1,1
PHTF2,1
PHYHIPL,1
PHYKPL,1
PIANP,1
PIAS1,1
PIGA,1
PIGC,1
PIGL,1
PIGO,1
PIGQ,1
PIGT,1
PIGW,1
PIH1D2,1
PIK3CB,1
PIK3R4,1
PIM1,1
PINK1,1
PIPOX,1
PITPNM1,1
PITPNM2,1
PJA2,1
PKD1,1
PKDCC,1
PKMYT1,1
PKN1,1
PLA2R1,1
PLCD3,1
PLCH1,1
PLCL1,1
PLD4,1
PLD6,1
PLEK,1
PLEKHA6,1
PLEKHA8,1
PLEKHG1,1
PLEKHG3,1
PLEKHG4,1
PLEKHH2,1
PLEKHH3,1
PLEKHM2,1
PLOD3,1
PLPPR5,1
PLS3,1
PLSCR1,1
PLSCR4,1
PLTP,1
PLXNA3,1
PLXNA4,1
PMEL,1
PMF1-BGLAP,1
PMM1,1
PMM2,1
PNMA2,1
PNRC1,1
PNRC2,1
PODXL2,1
POLK,1
POLR1B,1
POLR2C,1
POLR2E,1
POLR2G,1
POLRMT,1
POU2AF1,1
PPA1,1
PPFIA4,1
PPID,1
PPIG,1
PPIL2,1
PPIP5K2,1
PPME1,1
PPP3CB,1
PPP5C,1
PPT2,1
PPTC7,1
PQLC2L,1
PRDX2,1
PRDX4,1
PRDX5,1
PREB,1
PREPL,1
PRICKLE1,1
PRKAA2,1
PRKACB,1
PRKAR2A,1
PRKAR2B,1
PRKCB,1
PRKCSH,1
PRKD2,1
PRKD3,1
PRKDC,1
PROS1,1
PROSER1,1
PRPF40A,1
PRPF40B,1
PRPF6,1
PRPH2,1
PRRT2,1
PRSS23,1
PRSS35,1
PRSS53,1
PRUNE1,1
PRX,1
PSMA2,1
PSMA5,1
PSMB8-AS1,1
PSMC1,1
PSMC2,1
PSMD1,1
PSMD11,1
PSMD14,1
PSMD8,1
PSME2P2,1
PSMF1,1
PSPC1,1
PSPH,1
PSPN,1
PTBP3,1
PTCD3,1
PTGS2,1
PTH2R,1
PTP4A2,1
PTPN13,1
PTPN5,1
PTPRB,1
PTPRD,1
PTPRJ,1
PTPRO,1
PTX3,1
PUF60,1
PUM3,1
PURA,1
PUS7L,1
PWP2,1
PXDC1,1
PXMP4,1
PYCR2,1
PYCRL,1
PYGL,1
PYROXD1,1
QRICH1,1
QRICH2,1
R3HCC1,1
R3HDM1,1
R3HDM4,1
RAB11FIP3,1
RAB14,1
RAB17,1
RAB1A,1
RAB21,1
RAB24,1
RAB28,1
RAB29,1
RAB2A,1
RAB30-AS1,1
RAB3A,1
RAB3C,1
RAB5C,1
RAB6A,1
RAB6B,1
RAB9B,1
RABEP2,1
RABL3,1
RAD1,1
RAD50,1
RAD52,1
RAD54B,1
RAI1,1
RALYL,1
RANGAP1,1
RAP1B,1
RAP1GDS1,1
RARA,1
RARS,1
RASGRP1,1
RASL12,1
RASSF7,1
RAX,1
RBFA,1
RBFOX1,1
RBFOX2,1
RBM26,1
RBM26-AS1,1
RBM4,1
RBM41,1
RBM47,1
RBPJ,1
RCBTB1,1
RCC1L,1
RCCD1,1
RCHY1,1
RCN1,1
RCOR2,1
RCOR3,1
RDX,1
RENBP,1
RETSAT,1
RFTN2,1
RFX1,1
RFX3-AS1,1
RGCC,1
RGPD2,1
RGR,1
RGS20,1
RGS8,1
RHBDF1,1
RHBDL1,1
RHO,1
RHOBTB2,1
RIC1,1
RIC8A,1
RIDA,1
RIF1,1
RIMS1,1
RIMS2,1
RIOK3,1
RIPK2,1
RMND5A,1
RNA5-8S5.4,1
RNASEH2C,1
RND2,1
RNF103,1
RNF113A,1
RNF122,1
RNF141,1
RNF150,1
RNF19B,1
RNF208,1
RNF215,1
RNF40,1
RNPC3,1
ROCK2,1
ROM1,1
RORB,1
RP1,1
RP1-111C20.4,1
RP1-153G14.4,1
RP1-240B8.3,1
RP11-101E13.5,1
RP11-1042B17.3,1
RP11-104H15.10,1
RP11-110G21.1,1
RP11-111M22.4,1
RP11-143P4.2,1
RP11-147L13.12,1
RP11-147L13.8,1
RP11-155D18.13,1
RP11-155G14.5,1
RP11-182J1.18,1
RP11-192H23.6,1
RP11-195F19.5,1
RP11-199F11.2,1
RP11-258C19.7,1
RP11-262H14.4,1
RP11-267M23.1,1
RP11-269C23.5,1
RP11-274B21.1,1
RP11-274B21.3,1
RP11-274H2.3,1
RP11-278C7.1,1
RP11-284N8.3,1
RP11-286N22.14,1
RP11-299G20.2,1
RP11-29G8.3,1
RP11-313P13.4,1
RP11-342K6.1,1
RP11-352G9.1,1
RP11-353N14.2,1
RP11-355B11.2,1
RP11-35J10.6,1
RP11-363N22.3,1
RP11-371A22.1,1
RP11-373D23.2,1
RP11-386M24.6,1
RP11-390P2.4,1
RP11-392P7.6,1
RP11-396B14.2,1
RP11-399B17.1,1
RP11-39E3.3,1
RP11-400F19.18,1
RP11-401P9.5,1
RP11-44F14.6,1
RP11-452H21.4,1
RP11-455I9.1,1
RP11-45P15.4,1
RP11-472I20.4,1
RP11-474G23.2,1
RP11-483I13.5,1
RP11-503C24.6,1
RP11-522I20.3,1
RP11-536C12.1,1
RP11-53O19.3,1
RP11-545E17.3,1
RP11-547D13.1,1
RP11-548H3.1,1
RP11-554D14.2,1
RP11-574K11.24,1
RP11-585P4.5,1
RP11-588K22.2,1
RP11-613D13.5,1
RP11-620J15.3,1
RP11-630A13.4,1
RP11-649A18.12,1
RP11-658F2.8,1
RP11-66N24.7,1
RP11-690D19.3,1
RP11-705C15.2,1
RP11-706O15.3,1
RP11-731J8.2,1
RP11-734K2.4,1
RP11-752G15.4,1
RP11-776H12.1,1
RP11-798M19.6,1
RP11-800A3.4,1
RP11-95O2.1,1
RP11-99J16__A.2,1
RP3-329A5.8,1
RP3-393E18.2,1
RP4-639F20.1,1
RP4-798P15.3,1
RP4-800G7.2,1
RP5-1021I20.4,1
RP5-1198O20.4,1
RP5-860F19.8,1
RP5-991G20.1,1
RP5-994D16.11,1
RPA2,1
RPAP3,1
RPGR,1
RPH3A,1
RPL12P28,1
RPL19,1
RPL21,1
RPL23,1
RPL23AP24,1
RPL24,1
RPL28,1
RPL35,1
RPL8,1
RPLP1,1
RPN2,1
RPRD1A,1
RPS15,1
RPS2,1
RPS27P25,1
RPS2P5,1
RPS4X,1
RPS4XP2,1
RPS4Y1,1
RPS5,1
RPS6KA4,1
RPUSD1,1
RRBP1,1
RRH,1
RRM1,1
RRP15,1
RSL1D1,1
RSL24D1,1
RSPH4A,1
RSRC2,1
RTCB,1
RTEL1,1
RUNDC3A,1
RWDD1,1
RWDD4,1
RYBP,1
RYR2,1
RYR3,1
S100A11,1
S100A6,1
SAMD4B,1
SAMD7,1
SAMSN1,1
SAP30,1
SAR1A,1
SART3,1
SAV1,1
SC5D,1
SCAMP3,1
SCAND1,1
SCD5,1
SCHIP1,1
SCN1A,1
SCN1B,1
SCN2B,1
SCN7A,1
SCPEP1,1
SCRG1,1
SCRN2,1
SCRT1,1
SCRT2,1
SCYL3,1
SDE2,1
SDF4,1
SDHD,1
SDR16C5,1
SDSL,1
SEC22A,1
SEC23A,1
SEC23B,1
SEC24A,1
SEC24C,1
SEC62,1
SELO,1
SELT,1
SEMA3B,1
SEMA4F,1
SEMA6C,1
SEPP1,1
SEPSECS,1
8-Sep,1
SERGEF,1
SERPINI1,1
SERTAD1,1
SERTAD2,1
SERTM1,1
SESTD1,1
SEZ6L2,1
SF1,1
SF3A3,1
SFMBT1,1
SGSH,1
SGSM2,1
SGTA,1
SH2B1,1
SH2B2,1
SH3BGRL3,1
SH3GLB2,1
SH3TC2,1
SHKBP1,1
SHMT2,1
SHTN1,1
SIAH1,1
SIGIRR,1
SIRT1,1
SIRT6,1
SKA2,1
SKP2,1
SLAIN1,1
SLC10A3,1
SLC17A6,1
SLC1A1,1
SLC1A7,1
SLC25A13,1
SLC25A22,1
SLC25A24,1
SLC25A34,1
SLC25A40,1
SLC25A42,1
SLC25A46,1
SLC25A6,1
SLC26A10,1
SLC30A5,1
SLC35A4,1
SLC35B4,1
SLC35F1,1
SLC35F5,1
SLC35G2,1
SLC36A4,1
SLC38A6,1
SLC39A1,1
SLC39A14,1
SLC39A7,1
SLC39A8,1
SLC41A1,1
SLC44A3,1
SLC46A3,1
SLC4A2,1
SLC5A3,1
SLC6A1,1
SLC6A9,1
SLC9A3R1,1
SLC9A8,1
SLCO4A1,1
SLCO5A1,1
SLIT1,1
SLIT2,1
SLIT3,1
SLTM,1
SLX4,1
SMAD2,1
SMAD4,1
SMAD7,1
SMAP1,1
SMC1A,1
SMG7,1
SMIM10L1,1
SMIM12,1
SMIM15,1
SMIM7,1
SMNDC1,1
SMO,1
SMOC2,1
SMPD1,1
SNCG,1
SND1,1
SNED1,1
SNHG12,1
SNHG14,1
SNHG20,1
SNRPA,1
SNRPB2,1
SNRPD3,1
SNTA1,1
SNW1,1
SNX14,1
SNX17,1
SNX2,1
SNX29,1
SNX6,1
SNX9,1
SOCS7,1
SORBS3,1
SORT1,1
SOS1,1
SOX8,1
SPATS2L,1
SPCS1,1
SPG20-AS1,1
SPIDR,1
SPIN4,1
SPIRE2,1
SPNS1,1
SPOCK2,1
SPTLC2,1
SQSTM1,1
SRCAP,1
SREK1,1
SREK1IP1,1
SRF,1
SRFBP1,1
SRGAP1,1
SRGAP3,1
SRP14,1
SRPRB,1
SRRT,1
SRSF4,1
SRSF6,1
SSBP2,1
SSR4,1
ST13,1
ST3GAL5,1
ST6GALNAC5,1
ST6GALNAC6,1
ST8SIA5,1
STAG3L2,1
STAG3L5P-PVRIG2P-PILRB,1
STARD13,1
STAT3,1
STAU1,1
STC1,1
STC2,1
STK11,1
STK16,1
STK35,1
STK40,1
STMN1P1,1
STOM,1
STRIP1,1
STS,1
STT3B,1
STUB1,1
STX2,1
STX3,1
STX7,1
STXBP5L,1
STYXL1,1
SUGT1,1
SULF1,1
SULT1C4,1
SUN2,1
SUPT16H,1
SUPT4H1,1
SUPT6H,1
SUV39H1,1
SV2C,1
SWAP70,1
SYBU,1
SYDE2,1
SYN1,1
SYN3,1
SYNE1,1
SYNE2,1
SYNGR3,1
SYPL2,1
SYT14,1
SYT6,1
SYT7,1
SYVN1,1
SZRD1,1
TAB2,1
TADA2A,1
TAF13,1
TAF2,1
TAF6,1
TAF7,1
TAOK1,1
TBC1D4,1
TBCA,1
TBCK,1
TBL3,1
TCAF2,1
TCEA3,1
TCEAL9,1
TCF3,1
TCOF1,1
TCP1,1
TCTE1,1
TDRKH,1
TEAD2,1
TEAD3,1
TECR,1
TEFM,1
TELO2,1
TENM2,1
TESK2,1
TEX261,1
TEX264,1
TEX9,1
TF,1
TFAP2A,1
TFAP2B,1
TFAP2C,1
TFAP2D,1
TGFB2,1
THAP1,1
THAP10,1
THAP12,1
THAP2,1
THBD,1
THOP1,1
THYN1,1
TIGD1,1
TIMM17A,1
TIMM17B,1
TIMM23B,1
TINF2,1
TJP1,1
TJP2,1
TKFC,1
TM9SF3,1
TM9SF4,1
TMBIM4,1
TMEFF2,1
TMEM104,1
TMEM106B,1
TMEM108,1
TMEM110-MUSTN1,1
TMEM126B,1
TMEM130,1
TMEM132A,1
TMEM134,1
TMEM145,1
TMEM147,1
TMEM147-AS1,1
TMEM14B,1
TMEM161A,1
TMEM163,1
TMEM168,1
TMEM170B,1
TMEM184B,1
TMEM19,1
TMEM198,1
TMEM200B,1
TMEM215,1
TMEM222,1
TMEM231,1
TMEM254,1
TMEM257,1
TMEM265,1
TMEM50A,1
TMEM59L,1
TMEM79,1
TMEM88,1
TMEM94,1
TMF1,1
TMOD1,1
TMSB4X,1
TMTC3,1
TMX1,1
TMX3,1
TNFRSF10D,1
TNFRSF14,1
TNFRSF1A,1
TNFRSF1B,1
TNFRSF25,1
TNPO1,1
TNRC18,1
TOE1,1
TOM1,1
TOM1L2,1
TOP3A,1
TOX,1
TP53RK,1
TP73-AS1,1
TPCN1,1
TPD52L1,1
TPM3,1
TPP2,1
TPR,1
TPRA1,1
TPT1,1
TRAF3IP1,1
TRAM1,1
TRANK1,1
TRAPPC12,1
TRAPPC2,1
TRHDE,1
TRIM24,1
TRIM25,1
TRIM28,1
TRIM33,1
TRIM34,1
TRIM35,1
TRIM59,1
TRIM68,1
TRMT2A,1
TRMT6,1
TRPC1,1
TRPC7,1
TRUB2,1
TSC22D1-AS1,1
TSFM,1
TSG101,1
TSPAN17,1
TSPAN9,1
TSPO,1
TSPOAP1,1
TSPOAP1-AS1,1
TSR3,1
TSTA3,1
TTBK1,1
TTBK2,1
TTC19,1
TTC21A,1
TTC31,1
TTC33,1
TTC39A,1
TTI1,1
TTK,1
TTLL1,1
TTLL12,1
TTPAL,1
TTTY14,1
TUB,1
TUBA1C,1
TUBB2A,1
TUBB6,1
TUBGCP5,1
TXK,1
TXLNA,1
TXNDC9,1
TYK2,1
U47924.32,1
UBA3,1
UBA5,1
UBA6,1
UBE2D2,1
UBE2D3,1
UBE2E1,1
UBE2E3,1
UBE2N,1
UBE2Q1,1
UBE2QL1,1
UBE2S,1
UBL3,1
UBN2,1
UBR1,1
UBR3,1
UBR5,1
UBTD1,1
UBTF,1
UBXN10,1
UBXN2A,1
UBXN4,1
UEVLD,1
UFD1L,1
UFL1,1
UHMK1,1
ULK4P3,1
UNC119B,1
UNC13A,1
UNC45A,1
UNC5CL,1
UQCRC1,1
UQCRC2,1
UQCRH,1
URB1,1
URB2,1
URM1,1
USF2,1
USP11,1
USP12,1
USP13,1
USP14,1
USP19,1
USP2-AS1,1
USP20,1
USP24,1
USP38,1
USP46,1
USP49,1
UST,1
UTP11,1
UTP14A,1
UTY,1
UVRAG,1
VAMP4,1
VAMP7,1
VDAC2,1
VEGFA,1
VEGFB,1
VPS13B,1
VPS18,1
VPS33B,1
VPS51,1
VSTM2A,1
VTN,1
VWA1,1
WAC,1
WBP11,1
WBP4,1
WDR13,1
WDR25,1
WDR31,1
WDR34,1
WDR35,1
WDR4,1
WDR45B,1
WDR47,1
WDR53,1
WDR61,1
WDR70,1
WDTC1,1
WHSC1,1
WIF1,1
WIZ,1
WSCD2,1
WWC2-AS1,1
WWTR1,1
XPO1,1
XRCC6,1
XYLT1,1
YAF2,1
YIF1B,1
YIPF3,1
YKT6,1
YRDC,1
YTHDC2,1
YWHAG,1
YWHAQ,1
ZBED5,1
ZBTB11,1
ZBTB24,1
ZBTB37,1
ZBTB41,1
ZBTB48,1
ZBTB7B,1
ZC3H11A,1
ZC3H14,1
ZC3H15,1
ZC3H18,1
ZC3H7B,1
ZCCHC18,1
ZCCHC7,1
ZDHHC18,1
ZDHHC21,1
ZEB1,1
ZFAT,1
ZFC3H1,1
ZFHX4,1
ZFP3,1
ZFP62,1
ZFPM2,1
ZFR2,1
ZFYVE16,1
ZFYVE27,1
ZHX1,1
ZHX2,1
ZKSCAN1,1
ZKSCAN8,1
ZMAT4,1
ZMYM3,1
ZMYM4,1
ZMYM6,1
ZNF117,1
ZNF143,1
ZNF148,1
ZNF157,1
ZNF160,1
ZNF197,1
ZNF200,1
ZNF202,1
ZNF211,1
ZNF234,1
ZNF24,1
ZNF256,1
ZNF271P,1
ZNF274,1
ZNF276,1
ZNF287,1
ZNF292,1
ZNF3,1
ZNF317,1
ZNF324,1
ZNF354C,1
ZNF385B,1
ZNF395,1
ZNF398,1
ZNF41,1
ZNF423,1
ZNF428,1
ZNF441,1
ZNF45,1
ZNF451,1
ZNF470,1
ZNF480,1
ZNF507,1
ZNF513,1
ZNF555,1
ZNF558,1
ZNF566,1
ZNF574,1
ZNF583,1
ZNF589,1
ZNF629,1
ZNF692,1
ZNF697,1
ZNF75A,1
ZNF768,1
ZNF781,1
ZNF783,1
ZNF789,1
ZNF793,1
ZNF793-AS1,1
ZNF808,1
ZNF84,1
ZNF844,1
ZNF852,1
ZNF860,1
ZNF862,1
ZNRF2P2,1
ZPR1,1
ZRANB2,1
ZSWIM6,1
ZXDC,1
ZYX,1
ZZZ3,1
